<?xml version="1.0" encoding="UTF-8"?>
<configuration>

	<appender name="consoleAppender" class="ch.qos.logback.core.ConsoleAppender">
		<encoder>
			<Pattern>.%d{HH:mm:ss.SSS} [%thread] %-5level %logger{36} - %msg %n
			</Pattern>
		</encoder>
		<filter class="ch.qos.logback.classic.filter.ThresholdFilter">
			<level>INFO</level>
		</filter>
	</appender>
	
	
	 <appender name="fileAppender" class="ch.qos.logback.core.FileAppender">
		<file>D:\sample\Recruitment.log</file>
		<append>true</append>
		<encoder>
			<pattern>%d [%thread] %-5level %logger{35} - %msg%n</pattern>
		</encoder>
	</appender>
 
	<root level="INFO">
		<appender-ref ref="fileAppender" />
	</root>
</configuration> 